Event Description;Username;Date;Project
thoughtfully commonly deposit Forint Metal;Shirley40;05/02/2023;
iste suspiciously Southwest rigidly Sedan;Elvie98;05/02/2023;
connecting North Cab synthesize Reactive;Sallie31;05/02/2023;
Montana manhandle East male muskrat;Lura.Weimann47;05/02/2023;
digital sievert compelling Stamford volt;Gus44;05/02/2023;
Synergistic silver Bacon incidunt VGA;Andres.Kuhlman;05/02/2023;
unionize Central Games Home online;Ayana.Lubowitz;05/02/2023;
South numb Georgia Car cultivate;Declan_Murazik14;05/02/2023;
Regional insistent wireless Bromine Northeast;Rosalyn_Pouros;05/02/2023;
withdrawal connecting oof commitment quantify;Jovani.Hilll0;05/02/2023;
Soap so lumen SUV West;Llewellyn.Hamill;05/02/2023;
Music East Managed rib deposit;Ardella.Bruen81;05/02/2023;
Van compressing Androgyne Investor Kids;Jermain31;05/02/2023;
overriding connect beneficiary Interactions Vatu;Madilyn.Rath;05/02/2023;
green Hatchback Account 1080p Cisgender;Haven.Heathcote;05/02/2023;
Awesome coherent similique Division Electric;Kellie_Paucek;05/02/2023;
relationships vastly Non overshadow Xenon;Marshall_Baumbach43;05/02/2023;
around models kelvin generously Wooden;Eve.OKeefe95;05/02/2023;
bill exuding East rerum North;Novella4;05/02/2023;
Agent initiatives maximize pink Gasoline;Audra_Schmidt20;05/02/2023;
Coordinator saloon nominalize Manganese input;Carey_Ledner67;05/02/2023;
magnetic what whopping Cheese Northwest;Maximo56;05/02/2023;
France West Van est Diesel;Ceasar68;05/02/2023;
pascal transparent Integrated Boron compress;Kennedi13;05/02/2023;
Bronze dynamic East female payment;Kendall.Boyer58;05/02/2023;
Gleichner Folk Future invoice Clothing;Korbin.Treutel93;05/02/2023;
interface Orchestrator ROI Metal calculating;Kiara.Corwin;05/02/2023;
